"keywords.t100","keywords.5050"
"patient","patient"
"health","health"
"medic","medic"
"care","care"
"undefin","undefin"
"notic","notic"
"index","index"
"research","research"
"treatment","treatment"
"line","line"
"dental","dental"
"â.â","â.â"
"healthcar","healthcar"
"physician","physician"
"center","center"
"hospit","hospit"
"â.â.â","â.â.â"
"doctor","doctor"
"surgeri","surgeri"
"clinic","clinic"
"cigna","cigna"
"medicin","medicin"
"medic.center","medic.center"
"test","test"
"sold","sold"
"dentistri","dentistri"
"api","api"
"nurs","nurs"
"specialty","specialty"
"cosmet","cosmet"
"hca","hca"
"practic","practic"
"therapi","therapi"
"find","find"
"chiropract","chiropract"
"medicar","medicar"
"hear","hear"
"diseas","diseas"
"smile","smile"
"allergi","allergi"
"arthriti","arthriti"
"bill","bill"
"foot","foot"
"well","well"
"appoint","appoint"
"teeth","teeth"
"market.research","market.research"
"pediatr","pediatr"
"live","live"
"pain","pain"
"tristar","pet"
"communiti","accessori"
"sleep","shop"
"famili","safeti"
"dentist","construct"
"vanderbilt","tax"
"qualiti","comput"
"implant","project"
"midwest","farm"
"comfort","email"
"laboratori","data"
"juliet","agc"
"lbmc","bureau"
"dentur","claim"
"drug","protect"
"mt.juliet","system"
"region","softwar"
"patholog","english"
"health.care","sale"
"ankl","branch"
"find.doctor","network.servic"
"new.patient","translat"
"surgic","auto"
"ehr","comput.support"
"endodont","veterinari"
"psycholog","invoic"
"pharmaci","network"
"locat","manag.servic"
"oncolog","engag"
"healthi","cabl"
"children","servic"
"X.re","estat"
"cosmet.dentistri","agricultur"
"lab.test","secur"
"radiolog","bird"
"procedur","museum"
"skin","rubi"
"senior","garden"
"individu","business"
"enrol","cloud"
"bio","properti"
"home.care","automot"
"joint","energi"
"rehabilit","quickbook"
"cancer","custom"
"model","divis"
"physic","farmer"
"diagnost","rutherford.counti"
"health.well","strateg.plan"
"patients","tractor"
