"keywords.f1","keywords.f2","keywords.f3","keywords.f4","keywords.f5"
"patient","patient","patient","patient","patient"
"health","health","health","care","care"
"care","care","care","health","health"
"medic","medic","medic","medic","medic"
"center","dental","dental","treatment","treatment"
"dental","treatment","treatment","center","center"
"treatment","notic","notic","dental","research"
"notic","index","index","surgeri","surgeri"
"surgeri","center","surgeri","index","dentistri"
"index","physician","physician","notic","healthcar"
"physician","dentistri","center","physician","clinic"
"chiropract","healthcar","doctor","clinic","appoint"
"line","chiropract","vanderbilt","doctor","doctor"
"vanderbilt","clinic","line","research","therapi"
"medicin","doctor","healthcar","vanderbilt","medicin"
"healthcar","surgeri","medicin","healthcar","hospit"
"clinic","line","research","line","chiropract"
"dentistri","vanderbilt","dentistri","hospit","cosmet"
"doctor","cosmet","clinic","chiropract","famili"
"therapi","research","hospit","dentistri","medic.center"
"appoint","hospit","specialty","therapi","nurs"
"specialty","appoint","therapi","famili","smile"
"nurs","cigna","cigna","medicin","specialty"
"cosmet","smile","nurs","cosmet","dentist"
"medic.center","medicin","practic","appoint","diseas"
"cigna","practic","appoint","sleep","sold"
"practic","dentist","chiropract","nurs","practic"
"famili","famili","cosmet","practic","teeth"
"smile","foot","medic.center","test","foot"
"test","implant","well","well","pain"
"hca","bill","hca","smile","surgic"
"sold","diseas","pain","foot","test"
"diseas","therapi","foot","cigna","implant"
"allergi","pain","famili","medic.center","medicar"
"find","medicar","pediatr","pain","well"
"pediatr","teeth","test","hca","pediatr"
"pain","medic.center","diseas","specialty","â.â"
"well","well","dentist","hear","locat"
"hospit","new.patient","bill","allergi","massag"
"medicar","communiti","medicar","dentist","skin"
"teeth","pediatr","smile","pediatr","oral"
"implant","hca","sold","sold","new.patient"
"dentist","sleep","hear","oral","allergi"
"oral","allergi","addict","teeth","cancer"
"bill","specialty","teeth","new.patient","comfort"
"hear","oral","allergi","cancer","tristar"
"hill","hill","breast","skin","dentur"
"addict","procedur","sleep","breast","drug"
"breast","nurs","juliet","children","ankl"
"children","addict","implant","diseas","home.care"
"juliet","locat","massag","massag","cosmet.dentistri"
"locat","dental.implant","new.patient","surgic","arthriti"
"surgic","cosmet.dentistri","procedur","health.care","laboratori"
"new.patient","dentur","drug","implant","qualiti"
"cancer","healthi","oral","bill","dental.implant"
"rehabilit","surgic","hormon","parent","orthodont"
"hormon","ankl","health.care","ankl","testimoni"
"tristar","dds","healthi","treat","sleep"
"skin","tristar","ankl","juliet","patholog"
"staff","treat","parent","one","patients"
"procedur","hear","patholog","disord","treat"
"mt.juliet","find","park","hormon","bill"
"pharmaci","bio","comfort","procedur","feel"
"dental.implant","juliet","disord","live","health.care"
"home.care","one","find","offic","patient.form"
"oncolog","arthriti","oncolog","healthi","rehabilit"
"patients","patient.form","mt.juliet","dds","staff"
"laser","patients","treat","rehabilit","market.research"
"dentur","feel","arthriti","feel","ehr"
"find.doctor","patholog","psycholog","park","endodont"
"patholog","children","radiolog","laser","laser"
"cosmet.dentistri","market.research","locat","testimoni","pharmaci"
"radiolog","orthodont","children","staff","procedur"
"dds","offic","dentur","tristar","disord"
"foot","health.care","patient.form","addict","crown"
"heal","heal","restor","locat","dds"
"health.well","pharmaci","bodi","market.research","live"
"psycholog","drug","cosmet.dentistri","heal","restor"
"health.care","make.appoint","rehabilit","arthriti","bio"
"qualiti","rehabilit","market.research","home.care","make.appoint"
"comfort","laboratori","hill","mt.juliet","oncolog"
"parent","staff","dds","patients","psycholog"
"healthi","dentistry","health.well","feet","region"
"drug","feet","alway","health.well","offic"
"massag","murfreesboro","cancer","orthodont","murfreesboro"
"patient.form","nashvill","eye","patient.form","communiti"
"testimoni","bone","feet","comfort","appointment"
"facil","breast","practition","lab","chiropractor"
"practition","ehr","feel","hill","dermatolog"
"hundr","radiolog","testimoni","cosmet.dentistri","radiolog"
"one","asthma","one","bodi","joint"
"joint","parent","appointment","dental.implant","physic"
"appointment","find.doctor","endodont","find.doctor","patient.care"
"chiropractor","oncolog","find.doctor","appointment","find"
"dermatolog","patient.center","heal","bone","conveni"
"endodont","cancer","laboratori","dentistry","vanderbilt"
"adult","testimoni","oak","drug","assist.live"
"form","crown","patients","patient","patient"
"patient","patient","skin","care","care"
