"keywords.g1","keywords.g2","keywords.g3","keywords.g4","keywords.g5"
"patient","patient","patient","patient","patient"
"health","health","health","care","care"
"care","care","care","health","health"
"medic","medic","medic","medic","medic"
"center","dental","dental","treatment","treatment"
"dental","treatment","treatment","center","center"
"treatment","notic","notic","dental","dental"
"notic","index","index","surgeri","surgeri"
"surgeri","center","surgeri","index","index"
"index","physician","physician","notic","notic"
"physician","dentistri","center","physician","physician"
"chiropract","healthcar","doctor","clinic","clinic"
"line","chiropract","vanderbilt","doctor","doctor"
"vanderbilt","clinic","line","research","research"
"medicin","doctor","healthcar","vanderbilt","vanderbilt"
"healthcar","surgeri","medicin","healthcar","healthcar"
"clinic","line","research","line","line"
"dentistri","vanderbilt","dentistri","hospit","hospit"
"doctor","cosmet","clinic","chiropract","chiropract"
"therapi","research","hospit","dentistri","dentistri"
"appoint","hospit","specialty","therapi","therapi"
"specialty","appoint","therapi","famili","famili"
"nurs","cigna","cigna","medicin","medicin"
"cosmet","smile","nurs","cosmet","cosmet"
"medic.center","medicin","practic","appoint","appoint"
"cigna","practic","appoint","sleep","sleep"
"practic","dentist","chiropract","nurs","nurs"
"famili","famili","cosmet","practic","practic"
"smile","foot","medic.center","test","test"
"test","implant","well","well","well"
"hca","bill","hca","smile","smile"
"sold","diseas","pain","foot","foot"
"diseas","therapi","foot","cigna","cigna"
"allergi","pain","famili","medic.center","medic.center"
"find","teeth","pediatr","pain","pain"
"pediatr","medic.center","test","hca","hca"
"pain","well","diseas","specialty","specialty"
"well","new.patient","dentist","hear","hear"
"hospit","communiti","bill","allergi","dentist"
"medicar","pediatr","medicar","dentist","pediatr"
"teeth","hca","smile","pediatr","sold"
"implant","sleep","sold","sold","oral"
"dentist","â.â","hear","oral","teeth"
"oral","allergi","addict","teeth","new.patient"
"bill","specialty","teeth","new.patient","cancer"
"hear","oral","allergi","cancer","skin"
"hill","hill","breast","skin","breast"
"addict","procedur","sleep","breast","project"
"pet","tax","juliet","project","shop"
"shop","pet","implant","shop","tax"
"accessori","project","pet","tax","softwar"
"project","accessori","tax","softwar","farm"
"tax","data","shop","farm","pet"
"data","comput","accessori","pet","safeti"
"brand","farm","safeti","safeti","gun"
"market","protect","farm","gun","bureau"
"comput","bureau","media","bureau","plan"
"mobil","gun","bureau","plan","buy"
"client","network","gun","buy","air"
"safeti","cpa","busi","air","construct"
"english","quickbook","comput","construct","brand"
"busi","softwar","buy","brand","protect"
"protect","system","servic","protect","email"
"branch","cloud","air","email","busi"
"sale","busi","quickbook","busi","comput"
"ticket","email","cpa","comput","sale"
"engag","air","frame","sale","control"
"claim","branch","booth","control","engag"
"servic","cabl","english","engag","english"
"translat","engag","ticket","english","engin"
"buy","frame","translat","engin","booth"
"veterinari","mobil","social","booth","frame"
"invoic","booth","sale","frame","translat"
"small","network.servic","data","translat","invoic"
"business","custom","softwar","invoic","ticket"
"email","invoic","mobil","ticket","cpa"
"system","comput.support","god","cpa","mobil"
"strateg","sale","engin","mobil","pump"
"compani","servic","branch","pump","system"
"cabl","control","cabl","system","handl"
"construct","english","pump","handl","accessori"
"cloud","fan","control","accessori","nois"
"garden","god","nois","nois","quickbook"
"strateg.plan","bank","system","quickbook","team"
"softwar","pump","cloud","team","paint"
"bank","manag.servic","properti","paint","manag.servic"
"social","engin","social.media","manag.servic","garden"
"agent","nois","arena","garden","compani"
"pest","track","network.servic","compani","build"
"rubi","digit","rubi","build","account"
"strategi","brand","claim","account","arena"
"power","rubi","agricultur","arena","pest"
"arena","veterinari","software","pest","agricultur"
"museum","account","protect","agricultur","autom"
"autom","develop","store","autom","claim"
"network.servic","strateg.plan","small","claim","automat"
"store","termin","pest","automat","estat"
"consult","build","custom","estat","patient"
"patient","patient","business","patient","care"
"health","health","email","care","health"
